timestamp	commit	toffoli	clifford	qubits	ops	correct	notes
1776219465	135de21	101284162.000	211257273.000	3595	383933667	OK	baseline
1776219642	135de21	98893282.000	201627097.000	3339	368397635	OK	mod_sub_qq = gate-inverse of mod_add_qq
1776219783	dad5057	98887162.000	201606745.000	3339	368360939	OK	mod_sub_qb = gate-inverse of mod_add_qb
1776220054	bbf01ea	77082106.000	156548907.000	3339	285909913	OK	fold pair-1 kaliski: kal_compute_into + emit_inverse
1776220095	3af7f42	55277050.000	111490933.000	3339	203458887	OK	fold pair-2 kaliski
1776220329	408174a	54495466.000	109633547.250	3339	203459911	OK	push_condition around qb cmod_*
1776220432	740020e	48963274.000	95340235.250	3339	180571939	OK	move k_const correction out of Bennett
1776220725	8deb885	45834122.000	83605971.344	3339	159697739	OK	Solinas mod_double (2 adds not 3)
1776220828	a86f208	44777066.000	80323119.406	3339	152490518	OK	Solinas mod_add_qq
1776220976	5aa67b7	42906674.000	75971465.828	3339	146281030	OK	k_const correction via 2n halvings
1776221106	e6a9590	40815962.000	69533441.625	3339	133741126	OK	Solinas fold in kaliski step 8
1776221412	3536f4c	35826074.000	59505316.766	3339	123462695	OK	MAJ-only cmp_lt_into
1776222098	56bbf14	33729434.000	55310640.672	3339	115073063	OK	with_gt fusion in kaliski step 2
1776222151	34c64b9	31642202.000	55053049.812	3339	102286375	OK	with_eq_zero fusion in kaliski step 0
1776224365	b655093	20608890.000	39266755.016	3339	69105779	OK	with_kal_inv: hold st across body, halve kaliski calls
1776225760	8e0c9f6	19826234.000	37392622.719	3339	65360410	OK	fuse lam*(Qx-Rx) for Ry
1776225795	a444e60	19045882.000	35458109.000	3595	61616321	OK	fuse pair-2 body: lam -= inv*(Ry+Qy)
1776227133	eb470ad	19045882.000	35458109.000	3595	61616321	OK	rerun current best for sanity
1776228221	eb470ad	19045882.000	35457341.000	3339	61615553	OK	in-place ty mutation in pair 2, save 256 qubits
1776228391	93cee90	19045882.000	35457341.000	3339	61615553	OK	sanity check current best
1776228978	93cee90	19045882.000	35457341.000	3339	61615553	OK	sanity at 19045882
1776229212	93cee90	19045882.000	35457341.000	3339	61615553	OK	final status check
1776229730	93cee90	19045882.000	35457341.000	3339	61615553	OK	final session status
1776229833	93cee90	19041786.000	35457341.000	3339	61607361	OK	share scratch in kaliski step 2 mcx3s
1776230725	fb60dee	19041786.000	35457341.000	3339	61607361	OK	session end status check
1776232220	fb60dee	19041786.000	35457341.000	3339	61607361	OK	session kickoff sanity
1776232419	fb60dee	19041786.000	35456317.000	3339	61606337	OK	use b_f as scratch in kaliski step 1 mcx3
1776232896	5929552	19041786.000	35454269.000	3339	61604289	OK	reuse add_f as scratch in kaliski step 0 and step 2
1776235873	419a4df	0.000	0.000	3083	61534371	FAIL	kaliski iters 2n-1 instead of 2n | REVERSIBILITY VIOLATION at op #61534115: R targets qubit QubitId(512) but its value across 64 live shots is 0xd335836c5ce198e7 (nonzero). A clean reversible circuit must uncompute every ancilla to |0⟩ before freeing it.
1776239311	419a4df	19040766.000	35583551.000	3083	61731051	OK	skip mod_neg in pair 2: use Rx-Qx as kaliski input
1776239495	ee1743e	19038718.000	35312179.000	3083	61454627	OK	skip kaliski_forward final neg, flip pair 1/2 body sub/add
1776240298	53a4aeb	19034622.000	35303164.000	3083	61439436	OK	defer ty-=Qy into pair 2 body, skip the paired sub/add around the mul
1776247382	d0d95fd	19034622.000	35303164.000	3083	61439436	OK	swap operand order in pair 2 body mul
1776247416	d0d95fd	19034622.000	35303164.000	3083	61439436	OK	swap operand order in pair 1 body muls
1776247578	d0d95fd	19032574.000	35307260.000	3083	61433292	OK	step 1 shared-z trick: save 1 CCX per kaliski iter
1776249196	dfa4bd0	18508286.000	36093692.000	3083	61695436	OK	kaliski step 4: fused cucc sub/add with shared tmp, transform in place
1776249747	90775e2	18508286.000	36093948.000	3083	61695180	OK	share a register across 2 tx -= Qx subs in Rx
1776252156	90775e2	18506238.000	36093692.000	3083	61693388	OK	step 4 fused: skip tmp[n] load, ccx(add_f, r[n], s[n]) directly
1776253618	07b05f5	0.000	0.000	3083	61683148	FAIL	step 1 simplify: exploit u[0]=1 invariant, a_f always 0 | REVERSIBILITY VIOLATION at op #4606736: R targets qubit QubitId(2564) but its value across 64 live shots is 0x0000000000240050 (nonzero). A clean reversible circuit must uncompute every ancilla to |0⟩ before freeing it.
1776257425	07b05f5	18506238.000	36093692.000	3083	61693388	OK	sanity check resume loop
1776257643	07b05f5	0.000	0.000	3083	61686714	FAIL	cmp_lt_into/with_lt: drop first-maj ccx since c_in=0 | REVERSIBILITY VIOLATION at op #10839496: R targets qubit QubitId(3078) but its value across 64 live shots is 0x2df61e8a9c3b566e (nonzero). A clean reversible circuit must uncompute every ancilla to |0⟩ before freeing it.
1776273981	07b05f5	18506238.000	36093692.000	3083	61693388	OK	session start: confirming baseline
1776275896	19741a2	18506238.000	36093692.000	3083	61693388	OK	cleanup: remove unused kaliski_inv_inplace + pow_mod_2_k
1776301759	b9f45f6	18506238.000	36093692.000	3083	61693388	OK	pre-refactor baseline check
1776301972	b9f45f6	18506238.000	36093692.000	3083	61693388	OK	post-refactor: builder inlined, build() returns Vec<Op>
1776302819	e029267	18506238.000	36093692.000	3083	61693388	OK	Builder removed, struct B with pub fields
1776303438	e584a7f	18506238.000	36093692.000	3083	61693388	OK	upstream sim.rs restored, phase check only
1776303562	b15b7c9	18506238.000	36093692.000	3083	61693388	OK	final baseline verify
1776312552	b15b7c9	18506238.000	36093692.000	3083	61693388	OK	all IR ops in builder + uncompute_and
1776312853	78e8a72	18506238.000	36093692.000	3083	61693388	OK	baseline
1776314426	78e8a72	18178558.000	36585227.531	3083	62348748	FAIL	uncompute_and in cmod_add/sub_qq | PHASE GARBAGE: global_phase = 0xb49dfdbfd34574e6 across 64 live shots (must be 0)
1776314436	78e8a72	18178558.000	36585227.531	3083	62348748	FAIL	uncompute_and in cmod_add/sub_qq | PHASE GARBAGE: global_phase = 0xb49dfdbfd34574e6 across 64 live shots (must be 0)
1776314571	78e8a72	18178558.000	36585259.578	3083	62021068	OK	uncompute_and in cmod_add/sub_qq (no neg)
1776314580	78e8a72	18178558.000	36585259.578	3083	62021068	OK	uncompute_and in cmod_add/sub_qq (no neg)
1776315686	c68137c	17655294.000	38427877.766	3083	63602124	OK	explicit kaliski_backward with measurement uncompute
1776315762	8212f6b	17132030.000	39212792.812	3083	64125388	OK	measurement uncompute in forward kaliski too
1776316016	2b7c9df	16607742.000	41572148.062	3083	66222540	OK	carry-ancilla measurement in with_lt
1776316121	4488a61	16542206.000	41867085.594	3083	66484684	OK	cmp_lt_into_fast in mod_add_qq for cmod_add_qq
1776316290	4488a61	16541950.000	41868155.516	3083	66485708	OK	cmp_lt_into_fast (fixed mod_add_qb)
1776316748	c3fe09b	16344574.000	42756309.016	3083	67275212	OK	fast cuccaro in mod_add_qq_fast
1776316862	c3fe09b	14773758.000	49825091.828	3083	73558476	OK	fast cuccaro in kaliski iter step 4+8
1776316911	8d54b18	14249470.000	52184322.156	3083	75655628	OK	fast cuccaro in backward step 8
1776317106	86f7fe1	11895294.000	63969070.797	3083	86263214	OK	fast double/halve everywhere
1776317353	93961d0	11365360.000	74261916.016	3339	98363535	OK	fast mod_sub everywhere (neg+add+neg)
1776317475	ec02a9d	11364081.000	74267553.922	3339	98368651	OK	remaining fast cuccaro in mod_add_qb, mod_neg
1776317881	5fd4637	11100145.000	72256316.812	3339	95945801	OK	direct mod_sub: sub + cadd_p + neg/cmp_lt/neg
1776318463	b2112d8	10244351.000	64453225.781	3340	84654038	FAIL	parity trick for flag uncompute in mod_add/sub_qq_fast | PHASE GARBAGE: global_phase = 0xd4383de643204374 across 64 live shots (must be 0)
1776318564	b2112d8	11100145.000	72256316.812	3339	95945801	OK	verify revert to direct mod_sub
1776318907	b2112d8	10844129.000	69323299.828	3339	91120313	OK	mod_mul_sub via neg+add: save 256 CCX/iter
1776319399	a462064	10844129.000	69323299.828	3339	91120313	OK	verify current best
1776319797	a462064	10840033.000	69329839.656	3339	91124409	OK	measurement uncompute z and add_f in steps 1/2
1776319953	23dbf55	10837985.000	69332433.328	3339	91126457	OK	measurement mcx2_polar uncompute in steps 4/5
1776320520	5b15467	10835945.000	69313458.000	3339	91097985	FAIL	2 negs instead of 4 in mod_mul_sub | CLASSICAL MISMATCH shot 0: got (0xb5fbb9391987f41e466e7f8eab053328589c5d899369bb60abd5bfb003705fd0,0xde7d905bda2b27fac91fb3e01f7a493ff1a09c666cc0435c47386704f8bc2185) exp (0x4311fd5aa261f26478f7af2b8cfc7b6515c54fcf1b20d3335a68c5471829f280,0x168fdf63a9e6f3cc68677bf14a5b8f08d7bdee598298d48ef6db1d550bd716b0)
1776320536	5b15467	10835945.000	69313458.000	3339	91097985	FAIL	2 negs instead of 4 in mod_mul_sub | CLASSICAL MISMATCH shot 0: got (0xb5fbb9391987f41e466e7f8eab053328589c5d899369bb60abd5bfb003705fd0,0xde7d905bda2b27fac91fb3e01f7a493ff1a09c666cc0435c47386704f8bc2185) exp (0x4311fd5aa261f26478f7af2b8cfc7b6515c54fcf1b20d3335a68c5471829f280,0x168fdf63a9e6f3cc68677bf14a5b8f08d7bdee598298d48ef6db1d550bd716b0)
1776320548	5b15467	10835945.000	69313458.000	3339	91097985	FAIL	2 negs instead of 4 in mod_mul_sub | CLASSICAL MISMATCH shot 0: got (0xb5fbb9391987f41e466e7f8eab053328589c5d899369bb60abd5bfb003705fd0,0xde7d905bda2b27fac91fb3e01f7a493ff1a09c666cc0435c47386704f8bc2185) exp (0x4311fd5aa261f26478f7af2b8cfc7b6515c54fcf1b20d3335a68c5471829f280,0x168fdf63a9e6f3cc68677bf14a5b8f08d7bdee598298d48ef6db1d550bd716b0)
1776320626	5b15467	10836455.000	69318013.750	3339	91105103	OK	2-neg for non-squaring, 4-neg for squaring
1776321228	4b7220b	10835947.000	69311949.797	3339	91095567	OK	add+add+neg instead of neg+sub+sub for Rx
1776329827	7c0fb82	10574827.000	66685506.609	3339	88069221	OK	Horner MSB-first for 2 zero-acc muls: no tmp, no halvings
1776331286	b77a311	9791467.000	64920965.938	3339	81406557	FAIL	narrow v_w OR chain + cshift by iter_idx | CLASSICAL MISMATCH shot 0: got (0x8ccb06a1e4910c6151ab66413d3ee4a361aee9c91d20b41d54ddad7898a0e8b1,0x22ce10aecfcf879842291c4ef56bcbdc99573acff7bed985f2289b15164b8559) exp (0x539db473430e5471ed428b5b34eec4e49aa79fcf13c081a3965297e93c32f12e,0xfe615dd9b0ea5c3f8bd0c5313e3b3cdf95ee4caf730278fbb496f05316e1b573)
1776331398	b77a311	10574827.000	66685506.609	3339	88069221	OK	v_width=n sanity check
1776331466	b77a311	10574827.000	66685506.609	3339	88069221	OK	verify revert
1776360331	b77a311	10559439.000	66600684.656	3338	87952031	OK	511 iterations (2n-1) instead of 512
1776361649	c46a010	10559439.000	66600684.656	3338	87952031	OK	final verification
1776361914	c46a010	10559439.000	66600684.656	3338	87952031	OK	kickoff baseline verify
1776362236	c46a010	10558929.000	66594703.062	3082	87943377	OK	mod_mul_sub in-place walk + square control snapshot
1776362680	da61fa9	10168269.000	65617894.625	3082	82472089	FAIL	kaliski step0 width=n-iter only (no shift narrowing) | CLASSICAL MISMATCH shot 0: got (0x3ec577582d58cac0783561939e4a03ef45c10b15f540a969fd57878397f6d5,0x83cf238a6416cd680c6fe7fa9de9f61b94852354bd75f45ca1dbdffa4486b3dc) exp (0x5d31b20a9c30887f6b765045fefffc418154c9c4d37601863801149c5b49a72f,0x838810841abdf58a76df71038880423e618d2ee76061f53fb7a5dc2ca18f61ac)
1776363025	da61fa9	10557910.000	66585167.281	3338	87928700	OK	negative-lam flow in pair1/pair2
1776363068	da61fa9	10557910.000	66584614.797	3082	87927932	OK	negative-lam flow + in-place mod_mul_add
1776365629	6df7703	10034646.000	61324614.422	3082	81866450	OK	absorb raw Kaliski scaling into lam
1776365890	ff8d569	9903574.000	60185148.062	3082	81282856	OK	reverse Horner cleanup for known products
1776365972	d7ddb51	9774546.000	58708970.625	3082	78855876	OK	reverse Horner unadd uses negated add path
1776366192	a8e042e	9118682.000	52460160.734	3082	71582676	OK	single sparse add/sub for mod double/halve
1776366492	c413d6d	9118678.000	52458320.969	3082	71580692	OK	mod_sub underflow via sparse c correction
1776366589	701ff7d	9118164.000	52454268.781	3082	71574774	OK	fuse +Qx +Qx into doubled classical add
1776368298	0bede51	8592856.000	47451466.188	3082	65751418	OK	kaliski r double/halve via fast secp256k1 path
1776368405	1254c39	8590812.000	47451847.094	3082	65749374	OK	drop dead Kaliski r[n] add path
1776368842	04dd705	8584680.000	47424267.609	3080	65714622	OK	shrink Kaliski coefficient width to n
1776371697	e6efd4c	8584680.000	47424267.609	3080	65714622	OK	session kickoff baseline check
1776372822	e6efd4c	8519655.000	46735274.000	3080	64928199	FAIL	mod_mul_sub_qq via neg+Horner-add+neg | CLASSICAL MISMATCH shot 0: got (0xa5ad297bd370ee1c0d116cdf81188ee0ca2137d0c4e6fa38ce89908b40ca9f10,0xd83baab3742002ef4882801cfaef0e487ad593210fb42a9ff8cf4cd63f7d1068) exp (0x3b92bc960845580e02fccd0de29c9dc99945093c2a06dd870c43de5fb58d31cc,0x21b26f979969204a38cef94058409033fefcf20d9150401290bf17f6afca06b7)
1776374648	e6efd4c	8583660.000	47414401.703	3080	65700386	OK	drop 4 negs around pair1 unadd, inline loop
1776375382	0340f24	8580847.000	47388317.734	3080	65666317	OK	fold dxr block into tx, drop inner negs in pair2 unadd
1776375593	23d3fa0	8515822.000	46700170.953	3080	64880662	OK	LSB-first Horner for pair1 mul: -255 halves on lam
1776375656	c7350f4	8450797.000	46012156.156	3080	64095007	OK	MSB-first Horner for pair2 unadd: -255 doubles
1776375801	c7350f4	8450544.000	46009668.594	3080	64090735	OK	fold mod_neg+mod_sub_qb into mod_add_qb+mod_neg
1776375808	c7350f4	8450544.000	46009668.594	3080	64090735	OK	fold mod_neg+mod_sub_qb into mod_add_qb+mod_neg
1776378067	e69a39d	8280984.000	43807033.016	3080	61512947	OK	schoolbook squarer for mod_mul_sub_qq
1776378172	a85389c	8174935.000	42278491.766	3080	59694524	OK	schoolbook for mid mul (ty += lam*tx)
1776378292	0827456	8027862.000	39909606.844	3336	56843333	OK	schoolbook for pair1 first+second muls
1776378333	43cf486	7986838.000	39069254.297	3336	55810565	OK	schoolbook for pair2 unadd mul
1776378885	4b75dad	7855256.000	38350687.016	3336	54894603	FAIL	symmetric schoolbook for squaring | CLASSICAL MISMATCH shot 1: got (0x1f0701a3d7dbc5365a67a87d274b9211fdaad6d5d744e53fde673d1332d98f63,0xcf39ab9767b77d5b41d63e33383ffc7ec763691bb753085bf35c2afd962442b) exp (0x27760357e4a9bac00001e94728225c85becbed1f9e9184f4fd2e5f863d848e3c,0x1a6ab3c76e3bfac86d09a4966df95501e4b55069518d3f78d6879526fda8d30)
1776379001	4b75dad	7856274.000	38356299.516	3336	54901737	FAIL	symmetric schoolbook squarer (fixed width) | CLASSICAL MISMATCH shot 1: got (0xb1bec31786c292ef8ddf5a1ae3a9a88ccc6199969f2068328adfc6a9c38043f,0x47496625867904fa580a8dea20ae06cfadf7db1cfdf76372929ba9dfeeef64bd) exp (0x4b1bec31786c292ef8ddf5a1ae3a9a88ccc6199969f2068368adfe52dc3ba773,0xe973c684f1530f50765a2c686576ddc4c9ed6a393887529c27f612fce4e0a0d8)
1776379067	4b75dad	7856276.000	38356489.469	3336	54901743	OK	symmetric schoolbook squarer (fixed bounds)
1776380327	ee76816	7856276.000	38356489.469	3336	54901743	OK	verify current state
1776381616	36a57a4	7860896.000	38399796.625	3336	54951877	FAIL	karatsuba squaring moonshot | CLASSICAL MISMATCH shot 2: got (0xeec198843bbf9def22623b8e872f16d31e01873737c796d4f479812d14365ffb,0xa1526347ea93593882df662cc34db63a4285f85dd84a87b31cfeec645636c6f) exp (0xeec198843bbf9def22623b92872f26171e01873737c796d4f479812d14365ffb,0xe2ce204411a164f5554dcc772da50464c35ca9b118573e2bcf93776bbc79bbbb)
1776381624	36a57a4	7860896.000	38399796.625	3336	54951877	FAIL	karatsuba debug | CLASSICAL MISMATCH shot 2: got (0xeec198843bbf9def22623b8e872f16d31e01873737c796d4f479812d14365ffb,0xa1526347ea93593882df662cc34db63a4285f85dd84a87b31cfeec645636c6f) exp (0xeec198843bbf9def22623b92872f26171e01873737c796d4f479812d14365ffb,0xe2ce204411a164f5554dcc772da50464c35ca9b118573e2bcf93776bbc79bbbb)
1776381714	36a57a4	7856276.000	38356489.469	3336	54901743	OK	verify revert from karatsuba
1776382846	36a57a4	7768041.000	37424687.453	3881	53817248	OK	direct sparse-c fold for schoolbook hi reduction
1776383180	36a57a4	7756395.000	37317371.719	3336	53684893	FAIL	carry-only sparse-c fold for schoolbook hi reduction | CLASSICAL MISMATCH shot 0: got (0x5c3108716c17c58704408a520fe7677d077a71c6d8cd7f7e90dce72c78ed1869,0xf6b6be962d705e0b8b9fa2cfcf52b4f83dde1a4678ba78ed612efd1217905254) exp (0x5e0bf8c5050ae29773b61df9a74cdca0469c6f827d0344e40e1cd5a6e82c11e2,0xaeda2efb51641c1e7b0d137d0f330cfe8e7f3ff866f872acc05922e6f048379d)
1776383273	36a57a4	7756650.000	37319751.656	3336	53688452	FAIL	carry-only sparse-c fold for schoolbook hi reduction v2 | CLASSICAL MISMATCH shot 0: got (0xb66cefa1e28ba959d55c67ce576fffe76d0340e6f105f8351b056259c25937e4,0x1d345d4b5f6e69ddde5d8608998fb8921c9f9d84e0a5c322f7c383189767119f) exp (0x5395de61c73cf550e780c88cea3e014927730f6b18547b1de6f46add009ebe5b,0x26d62f8fd844a9b25ae8336a17a619a836393e425a2a8022754d6261f1e652a)
1776383969	36a57a4	8644238.000	39139027.250	3336	56472561	FAIL	alive-only Kaliski tail scaling | CLASSICAL MISMATCH shot 0: got (0x812282672e75cbfbd33150955b7462431a26dada419bb1a01b410a0d2a6c5ef0,0xd57aa332da4faddbb1b90d40b5149cad3ada70a82f4a8f048aae21290c626656) exp (0xa92d8e065862d0d45feee1f2bd8ae118585c3606a73f4cce4b5926a048a78e7,0xec5ec7d8d2914d1ab993988920d582f7874cd550890e53603fd493979993acda)
1776384043	36a57a4	8644238.000	39147311.562	3336	56480737	FAIL	alive-only Kaliski tail scaling v2 | CLASSICAL MISMATCH shot 0: got (0xb39355ac1ea9123412e31fc408ea6c8aa6110832433fff7345fc201f0f0434e5,0x12a9bc2990f220b6c4415575ca5f2499895f4cf64ffc54e9172a34337021aed5) exp (0xae1a73ec20a3f9ab23b86a092da9d500473a20d682cbd9448b6234dc8068466e,0x430b519e1d7417e9e1a122103cfe98f297e7cc0fdc8f85199590e5601fa1ee3e)
1776384603	36a57a4	7775468.000	37435000.875	3367	53839172	FAIL	wide sparse-c fold under reclaimed Kaliski body qubits | CLASSICAL MISMATCH shot 0: got (0xcfabc2b494f09f116b36cdd61879cd45e7d02798f202be61b8f11dffb042e2d1,0x4f4671a31ab5c841c5a034c98736a88eec33708477d414be972c818bf68ccbe5) exp (0xcfabc2b494f09f116b36cdd61879cd45e7d02798f202be61b8f11e03b042e2d1,0x9fad07ac1570ca8e103b8f84a6634859f4e65d83136e264bed7a52d15b586e46)
1776384670	36a57a4	7856276.000	38357569.875	2820	54902779	OK	reclaim Kaliski body qubits only
1776384764	36a57a4	7859551.000	38322241.406	3367	54856944	FAIL	fold hi*977 directly, keep hi*2^32 walk | CLASSICAL MISMATCH shot 0: got (0x79b929f278c66b9deb4165760bf9dfff652869d3b05d1fee27ea8783a13af6de,0x648959919aac008ca033db0239440c1a756b76a8b29ed68f33d6fe05f424313e) exp (0x86018446fdf89891ea3db1e373bf5addf750b1f4920ba29fe4b7f2c417b1bdc,0xc0477827c38b16cc863c25412a2daaf73ae50658af658e14fb400e6224c42818)
1776385153	36a57a4	7775215.000	37427126.641	3367	53827060	FAIL	reclaimed Kaliski + exact two-stage sparse fold | CLASSICAL MISMATCH shot 0: got (0x49b3964472aad218f4896165f52f4411678063cd34cae815d17285ce52b5be4e,0x5f8375289a535e924acd914f2edbe6fa98bc62b99a5c6bd7e3b697efc8cc89c4) exp (0x49b3964472aad218f4896165f52f4411678063cd34cae815d172860e52b5be4e,0xa43a56a6813a3e8d134ca8773fbf0709bf184d6fd0456bc7b27ea348e074d140)
1776385651	36a57a4	7884083.000	38620624.094	3336	55196994	OK	sparse secp256k1 negation correction
1776386069	36a57a4	12935312.000	86690212.703	3336	110854395	OK	moonshot sparse-c substrate rewrite
1776386655	36a57a4	19941528.000	128245910.516	7688	165015656	FAIL	jacobian mixed-add UQ swap U-negQ | CLASSICAL MISMATCH shot 0: got (0x5e8f72b7d254d8d70e818429ad0a95d4337df88155905749f0b151bae8216b26,0x54d3b8fb19dfb8b4fbf6d8306c81077218f6bd3c8dac49da28c26bdebb961818) exp (0x5e8f72b7d254d8d70e818429ad0a95d4337df88155905749f0b151bae8216b26,0xab2c4704e620474b040927cf937ef88de70942c37253b625d73d94204469e417)
1776386693	36a57a4	19942548.000	128256435.375	7688	165029892	OK	jacobian mixed-add UQ swap U-negQ signfix
1776386781	36a57a4	7856276.000	38356489.469	3336	54901743	OK	
1776388009	36a57a4	7856276.000	38356489.469	3336	54901743	OK	session kickoff verify
1776388850	36a57a4	7335056.000	37835151.625	3336	53859303	OK	unconditional shift-right in Kaliski STEP 6
1776390017	e996391	7335056.000	37835151.625	3336	53859303	OK	session end: unconditional shift-right commit
1776393300	c5bc7e8	7074956.000	35342635.078	3336	50976783	OK	no-corr mod_double for r when iter<255
1776393797	7b77788	6945416.000	34241485.531	3336	49681383	OK	truncated add/sub in STEP 4 for small iter
1776393894	46ddcfa	6685316.000	33721468.562	3336	48901083	OK	truncated STEP 3+9 (r,s) cswap for small iter
1776394106	46ddcfa	6555266.000	33591938.672	3336	48641493	OK	transform trunc + load skip in STEP 4
1776394561	b0c47ed	6296186.000	33073700.766	3336	47864253	OK	truncate (u,v_w) cswaps for late iters
1776394730	afa876f	6037106.000	31842952.188	3336	46309773	OK	STEP 4 late-iter load/sub/transform/add truncation
1776394805	06ca561	5907566.000	31519280.953	3336	44496213	OK	STEP 0 OR chain truncated for late iter
1776394851	49419b0	5778026.000	30418172.203	3336	42941733	OK	STEP 2 with_gt truncated for late iter
1776395687	3992b28	5778026.000	30418172.203	3336	42941733	OK	verify best state
1776396137	4dd0f79	5778026.000	30418172.203	3336	42941733	OK	final session state check
1776396539	4dd0f79	5778026.000	30418172.203	3336	42941733	OK	final session end 5.78M
1776397597	56c9e77	5778026.000	30418172.203	3336	42941733	OK	session 2026-04-16 end 5778026 final
1776398330	84948e6	5778026.000	30418172.203	3336	42941733	OK	session end
1776409491	8b370d1	5760640.000	30264741.516	3336	42722112	FAIL	measurement-based flag uncompute in mod_add/sub_qq_fast | PHASE GARBAGE: global_phase = 0x379ce41922e06277 across 64 live shots (must be 0)
1776409931	8b370d1	5778026.000	30418172.203	3336	42941733	OK	verify after revert
1776412177	e9dc235	5778026.000	30418172.203	3336	42941733	OK	ralph-loop iteration: analysis confirms 5.78M may beat HRS standalone
1776413799	87528d1	5778026.000	30418172.203	3336	42941733	OK	verify KALISKI_ITERS=511 equivalent
1776413824	87528d1	5418126.000	28505587.297	3275	40469159	FAIL	KALISKI_ITERS=450 moonshot | CLASSICAL MISMATCH shot 0: got (0xcca8ac9adb835c7076a8e494a2e65e64feadb2b2b15e77b7cab981dfb908cb6a,0xf1fb93ca698ae7a58726c1910f2d27a4e0e7f14f17bd42ad243ba38b8e9ff39e) exp (0x77cc7afd9bf7c72f84cc9bb1760f27aab23fba3219754a01a0acbaccdfe799ad,0xadcd193715a2a28e4d185f8faba60531309db85ba59cf27b82b878967cc8843f)
1776413849	87528d1	5719726.000	30100243.172	3325	42544259	FAIL	KALISKI_ITERS=500 | CLASSICAL MISMATCH shot 0: got (0xb480e767bc5dc1d31ea85661cb0e0b1399bc170b8a1f64a25d51437345d12f91,0x891e905520f7e55fb0440b03cfbe80fbcfe2d93087c8c737e315f40365c8aae9) exp (0x1ef170110b03ee6295ab062fef35d1eaf4cef600cc6dbff30bb123318ad2e469,0xb06e728468bdfaaacf4fd41d8c700cd9c381896986efb52ce47cb9207623e4e0)
1776413873	87528d1	5772846.000	30389632.672	3335	42906479	FAIL	KALISKI_ITERS=510 | CLASSICAL MISMATCH shot 0: got (0xad7d2d5e9d1acd7685bbbf99f6d5aebcdda93e1683337efb5e44e53b3bb6998c,0x84f4f2b5c7827c95b47fe78d6bbc7f35a7d59f5f705ee99111422516dfbf80d0) exp (0x73c2f006e844a0f8f6f47104451645aa09c42ee209358bfe9bec75b5f8366d80,0x6a0148f708811a87124ea69e4deec07a22a0436d0f0198bb70e388756b653ea)
1776413888	87528d1	5778026.000	30418172.203	3336	42941733	OK	revert kaliski iter moonshot
1776414074	0fa93f5	5778026.000	30418172.203	3336	42941733	OK	final verification 5778026
1776414677	a3dd37e	5778026.000	30418172.203	3336	42941733	OK	session start verify
1776415711	a3dd37e	5775982.000	30427416.484	3336	42949909	OK	STEP 2 fuse duplicate-control CCX
1776432537	1f8c645	5775470.000	30423578.688	3336	42945295	OK	mod_mul acc=0 fast path: mul1 and mul3 use CX-copy
1776435762	299f214	5775470.000	30423578.688	3336	42945295	OK	session 2026-04-17 end verify at 5775470
1776436741	de83932	5775470.000	30423578.688	3336	42945295	OK	iteration final 5775470
1776437435	29da324	5775470.000	30423578.688	3336	42945295	OK	iteration 3 end
1776438011	2521d28	5762978.000	30304702.547	3358	42811743	FAIL	shift-by-22 mod p in Solinas | PHASE GARBAGE: global_phase = 0xe5de8af2a95e8147 across 64 live shots (must be 0)
1776438020	2521d28	5762978.000	30304702.547	3358	42811743	FAIL	shift-by-22 debug | PHASE GARBAGE: global_phase = 0xe5de8af2a95e8147 across 64 live shots (must be 0)
1776438125	2521d28	5775470.000	30423578.688	3336	42945295	OK	post-revert verify 5775470
1776438406	579db56	5775470.000	30423578.688	3336	42945295	OK	iter 4 end at 5775470 - shift attempt deferred
1776438728	a939569	5761986.000	30297043.547	3360	42802691	OK	shift-by-22 with Bennett pattern
1776438788	c702290	5755244.000	30233715.406	3360	42731389	OK	shift-by-22 also for squaring path
1776438835	de71b0f	5741760.000	30107462.562	3360	42588785	OK	shift-by-22 in zero-acc variant too
1776439191	d396bbc	5741760.000	30107462.562	3360	42588785	OK	session 2026-04-17 iter 5 end at 5741760
1776439568	2f1fbba	5736780.000	30059012.031	3360	42533045	OK	977 = 2^10 - 2^6 + 2^4 + 2^0 consolidation
1776439731	b1d04b7	5733190.000	30026815.922	3360	42496341	OK	977 consolidation in outer Solinas mul_add
1776439788	b1d04b7	5726793.000	29969240.266	3360	42424197	OK	977 consolidation in all 3 Solinas sites
1776440065	a0b7de6	5726793.000	29969240.266	3360	42424197	OK	iter 6 end verify at 5726793
1776440228	a0b7de6	5726793.000	29969240.266	3360	42424197	OK	iter 5 final at 5726793
1776444759	8a642a9	5726783.000	29964262.891	3360	42409287	OK	shift22 reduction via sparse +c overflow
1776444950	0c6235f	5731433.000	30021753.250	3372	42473917	FAIL	shift10 plus shift22 for Solinas walk | PHASE GARBAGE: global_phase = 0x504b7145b9cef989 across 64 live shots (must be 0)
1776445580	0c6235f	5726783.000	29964092.422	3360	42409323	OK	phase-oracle flag uncompute in mod_add/sub_qq_fast
1776445781	0c6235f	5726273.000	29963684.656	3360	42408267	OK	kaliski step4 zero-pad carry slot in small iters
1776453332	b8a8b0f	5726273.000	29963684.656	3360	42408267	OK	re-baseline with 1024 shots
1776453378	b8a8b0f	5726273.000	29963693.257	3360	42408267	OK	check shot count
1776453416	b8a8b0f	5726273.000	29963693.257	3360	42408267	OK	kaliski 2n-50 4096 shots
1776453463	b8a8b0f	5419435.000	28190724.539	3311	40171123	OK	kaliski 2n-50 with 4096 shots
1776453487	b8a8b0f	5126235.000	26568961.571	3271	38031603	OK	kaliski 2n-90 at 4096
1776453511	b8a8b0f	4965235.000	25699288.417	3251	36856243	OK	kaliski 2n-110 at 4096
1776453527	b8a8b0f	152535.469	789055.437	3241	36242163	FAIL	kaliski 2n-120 at 4096 | CLASSICAL MISMATCH shot 97: got (0x575b3d1dfdb4e7156dd03d0a05b1792abbfd84297a49d7bede448303fd094855,0xc2eeaf08ed90b3840c1c9e24343e2ef8a8c687613eef0e396199dcd267e41839) exp (0x3ac50ff5eb7e06a4fb4c5da1a8858cd302411b1ffc2cd665aa06098c1aca79a1,0x8f153d4374dd1c7327dcff162c96185b5b1e21ca90440d82630d9ce29aaf211)
1776453549	b8a8b0f	3000248.672	15524281.893	3246	36551403	FAIL	kaliski 2n-115 at 4096 | PHASE GARBAGE: global_phase = 0x0000000000008000 across 64 live shots (must be 0)
1776453575	b8a8b0f	4948607.000	25610163.904	3249	36734835	OK	kaliski 2n-112 at 4096
1776453931	5f2adb5	4931883.000	25520653.816	3247	36612723	OK	kaliski 2n-114 at 4096
1776453965	5f2adb5	2362226.922	12220916.303	3243	36366387	FAIL	kaliski 2n-118 at 9024 | CLASSICAL MISMATCH shot 4337: got (0xfcab1d20a847b96c32f48e89c6adf232b65f1fc45300a485c66adb5fea60601c,0xf66ac52e2c02f300776b4f32166c97b62b81e6a56a38c40ea026e13710f7354c) exp (0x1a378243832bf7c82b7231e4577d77878531fac2576c7c25fa3ae61954b110ed,0x4e4f64c5ee348c6e90cf913c2a75dfb27d4f513b4eb2e0ee88d1ed358b5d9e36)
1776453999	5f2adb5	3416143.078	17675267.681	3245	36489907	FAIL	kaliski 2n-116 at 9024 | CLASSICAL MISMATCH shot 6242: got (0x92d43264e0d6267d848b2fce5d8fe0df371416e1e8c6f6f961b0b5db66f57f83,0xb7325add9ff32afa6f3cfc439285e9dc576e3324536e40cfc87575a471ed0be6) exp (0x3c690b25d1dd278cd2d3f1d172a322defb326042162df571e8fe8f5a26a25fe2,0x18e882f909db53f06eb5b10f6ce06dc74478c72d9ade956c3b0e4fb13ec1fe84)
1776454029	5f2adb5	2409365.000	12466840.903	3246	36551403	FAIL	kaliski 2n-115 at 9024 | PHASE GARBAGE: global_phase = 0x0000000000000010 across 64 live shots (must be 0)
1776454069	5f2adb5	4931883.000	25520653.816	3247	36612723	OK	kaliski 2n-114 at 9024 final
1776454399	adcf4eb	4931883.000	25520653.816	3247	36612723	OK	pair-specific K refactor baseline
1776454427	adcf4eb	34491.199	178408.265	3247	36111603	FAIL	K1=398 K2=382 probe | PHASE GARBAGE: global_phase = 0x0000000000000020 across 64 live shots (must be 0)
1776454449	adcf4eb	417575.234	2160443.834	3247	36427443	FAIL	K1=398 K2=392 probe | PHASE GARBAGE: global_phase = 0x0000000000004000 across 64 live shots (must be 0)
1776454492	adcf4eb	4931883.000	25520653.816	3247	36612723	OK	restore K2=K1
1776454619	bce0428	34797.936	180037.397	3247	36427443	FAIL	K1=392 K2=398 probe | CLASSICAL MISMATCH shot 24: got (0x69e63668c0fa5fa91fb46bb2a008404b5dbffd95ca5c26439570fc1f6529e751,0xde818cb56a16aec06dd91fbf6afa8b82398250eb63efbc7746a9071eba48d7aa) exp (0x49f615b4b5dcedc82d91959b25cbcbeb2eba0a0570b949aa1f68c6bfec83599,0x3d0a88364eecdf13219295e4ddfdbd23fd9aeb2a78758d78bbbd9d53b037f609)
1776454660	bce0428	4931883.000	25520653.816	3247	36612723	OK	restore baseline K=398
1776454793	bce0428	4931883.000	25520653.816	3247	36612723	OK	verify current state
1776455829	bce0428	4931883.000	25520653.816	3247	36612723	OK	baseline verify before 2x attempt
1776456660	bce0428	4931883.000	25520653.816	3247	36612723	OK	session 2026-04-17: 2x analysis, monty batch inversion ruled out analytically
1776457285	bce0428	4931883.000	25520653.816	3247	36612723	OK	loop iteration 1 baseline verify
1776457885	bce0428	4930863.000	25510859.907	3247	36601419	OK	R_SMALL_THRESHOLD 255 -> 256 probe
1776457938	3b1d88d	4926783.000	25471767.080	3247	36556203	OK	R_SMALL_THRESHOLD probe 260
1776457979	3b1d88d	4885983.000	25080819.104	3247	36104043	OK	R_SMALL_THRESHOLD probe 300
1776458001	3b1d88d	33943.426	171084.366	3247	34996251	FAIL	R_SMALL_THRESHOLD probe 398 | CLASSICAL MISMATCH shot 0: got (0x697796c3e42421dc66ab6cd3c59b1b865b86d4e4099bbdba110b04ed769890ab,0x4646111dbb09a7099b71c7b07fc83852ca8124be2bc8df5928afe1bc20885ec6) exp (0xc3553eea9c3f3fec9e9508c41e2a93c9f5037e855c793d7840dc609e07fb8ede,0x2830a02c8bb33d797acb746606ba34bbc59888833a88fc95ecd1ade9ef508404)
1776458022	3b1d88d	34290.660	174411.656	3247	35538843	FAIL	R_SMALL_THRESHOLD probe 350 | CLASSICAL MISMATCH shot 7: got (0x1dcea48fb2687b2c4a49bc261f6918e4abb7c62600e61e99e5d312afc9ae7d5e,0x606ef0e5f6018718ad9327ed859eb20c7b1dd55fa69e3cd8207cba51780e4df9) exp (0x82d71e313f76b1a5306dc6976bfd5cdea0ba54ab2d7d1e60eda65887586ef8ee,0xb53ba14891f3f36b9c22145fc3eb615dca780fe6fb9eb80c55066add4325185b)
1776458062	3b1d88d	4865583.000	24885330.397	3247	35877963	OK	R_SMALL_THRESHOLD probe 320
1776458084	3b1d88d	206395.021	1052708.625	3247	35708403	FAIL	R_SMALL_THRESHOLD probe 335 | CLASSICAL MISMATCH shot 357: got (0xe802e544bab0e5bc5a4650701157c6568c68bb0d70df05dcc42321638923d4f0,0xe9afdc6821cb137044d08611c62bbf9efe485224ce48ecb7a7060633c2605858) exp (0x3b0461419a284b964f69432e14287ebc1cfc212cef315b9dee5c68b8781e727d,0x51f8a7d9a67acf8547359c84d3d3a00d917ee244c7a4697caa93d63c2dbe12fa)
1776458113	3b1d88d	1723575.532	8807258.266	3247	35821443	FAIL	R_SMALL_THRESHOLD probe 325 | PHASE GARBAGE: global_phase = 0x0000000000000800 across 64 live shots (must be 0)
1776458153	3b1d88d	4863543.000	24865783.491	3247	35855355	OK	R_SMALL_THRESHOLD probe 322
1776458192	3b1d88d	4861503.000	24846248.669	3247	35832747	OK	R_SMALL_THRESHOLD probe 324
1776458926	03bff2c	34471.482	176200.041	3247	35829675	FAIL	rs_width_step3 iter+1 -> iter probe | CLASSICAL MISMATCH shot 0: got (0x7ff315deb73d0d9b892d4fd2e16009a2f50aff87ebebe70fb28fa7ae743c5b6b,0x16106b606edc40dec73af05e7b613bb702e9a6a4069a6784294715c25d36613f) exp (0xd70f9fad47bac7c7e324d1486f3721ed04310be054747c705cb13166ece5efab,0xbdbf6b1e4faae3fd38d5bebb10657e3a1c651bc8559f1d25402228f50c9b697f)
1776459130	03bff2c	4860935.000	24841401.503	3247	35825931	OK	cmp_width 2n-iter -> 2n-iter-1 probe
1776459157	03bff2c	1034120.638	5284378.097	3247	35819115	FAIL	cmp_width 2n-iter-2 probe | CLASSICAL MISMATCH shot 1889: got (0x60a9e5e401a8c717d026c9460d245152ab2a9dc5403b6156076f6aa59cd69107,0x44479bb6713fac8a1cbf79236e7aa57f1a4c65b345119f6ca25219c6634351df) exp (0xb94db26d882648a5775d46fa2e26b79646769b164959d1b3efcace1efb584397,0x903280fb6066c61e3867c963031286a9e1dcb9aaa9dbdb9e389fb2ad44b723bc)
1776459308	03bff2c	4860935.000	24841401.503	3247	35825931	OK	cmp_width 2n-iter-1 verify
1776460151	11fe0a0	1482412.801	7575280.759	2965	35824399	FAIL	reuse kaliski u/v_w as tmp_ext scratch | CLASSICAL MISMATCH shot 2742: got (0x58549deb8c0c02ed5ec8e569cb1ee99dcd8fb3a6dc97be72921ef1c016776158,0x132706070770a9c87bcf8821d09483d42acc0f14f66fbb970d3ba755c2b0b154) exp (0x8eabf299e4e3486a3c1bdb8d8aca1adff4816907a433036fedab92850d297d9b,0x71d619d33d14ae5fea5d8b1c020085f9b73018555cae87ce57fc6c8f3dd8c5ac)
1776460280	11fe0a0	344747.163	1761732.157	3247	35824909	FAIL	pair 1 scratch only | CLASSICAL MISMATCH shot 579: got (0xc2f39f5faa5d7b64e59501e89c36169e49021dbeb61321f86ec912eec45a43f6,0x8d92ba9b6ed9aba1769d9db577cd408425b9f9858b53a7d10f5c996940cf8771) exp (0xa3a8619f67301a5af59364a7f46604a49359314927552371529aaaff082f1ada,0xa981eed8828baf53f70eaf01e8141c093f75b92124249fd3025e29e07cef89bc)
1776460320	11fe0a0	344747.163	1761732.157	3247	35824909	FAIL	pair 1 scratch verify | CLASSICAL MISMATCH shot 579: got (0xc2f39f5faa5d7b64e59501e89c36169e49021dbeb61321f86ec912eec45a43f6,0x8d92ba9b6ed9aba1769d9db577cd408425b9f9858b53a7d10f5c996940cf8771) exp (0xa3a8619f67301a5af59364a7f46604a49359314927552371529aaaff082f1ada,0xa981eed8828baf53f70eaf01e8141c093f75b92124249fd3025e29e07cef89bc)
1776460370	11fe0a0	344747.163	1761732.157	3247	35824909	FAIL	pair 1 scratch verify | CLASSICAL MISMATCH shot 579: got (0xc2f39f5faa5d7b64e59501e89c36169e49021dbeb61321f86ec912eec45a43f6,0x8d92ba9b6ed9aba1769d9db577cd408425b9f9858b53a7d10f5c996940cf8771) exp (0xa3a8619f67301a5af59364a7f46604a49359314927552371529aaaff082f1ada,0xa981eed8828baf53f70eaf01e8141c093f75b92124249fd3025e29e07cef89bc)
1776460386	11fe0a0	344747.163	1761732.157	3247	35824909	FAIL	pair 1 scratch verify | CLASSICAL MISMATCH shot 579: got (0xc2f39f5faa5d7b64e59501e89c36169e49021dbeb61321f86ec912eec45a43f6,0x8d92ba9b6ed9aba1769d9db577cd408425b9f9858b53a7d10f5c996940cf8771) exp (0xa3a8619f67301a5af59364a7f46604a49359314927552371529aaaff082f1ada,0xa981eed8828baf53f70eaf01e8141c093f75b92124249fd3025e29e07cef89bc)
1776460420	11fe0a0	344747.163	1761732.157	3247	35824909	FAIL	pair 1 scratch | CLASSICAL MISMATCH shot 579: got (0xc2f39f5faa5d7b64e59501e89c36169e49021dbeb61321f86ec912eec45a43f6,0x8d92ba9b6ed9aba1769d9db577cd408425b9f9858b53a7d10f5c996940cf8771) exp (0xa3a8619f67301a5af59364a7f46604a49359314927552371529aaaff082f1ada,0xa981eed8828baf53f70eaf01e8141c093f75b92124249fd3025e29e07cef89bc)
1776460440	11fe0a0	344747.163	1761732.157	3247	35824909	FAIL	count fails | CLASSICAL MISMATCH shot 579: got (0xc2f39f5faa5d7b64e59501e89c36169e49021dbeb61321f86ec912eec45a43f6,0x8d92ba9b6ed9aba1769d9db577cd408425b9f9858b53a7d10f5c996940cf8771) exp (0xa3a8619f67301a5af59364a7f46604a49359314927552371529aaaff082f1ada,0xa981eed8828baf53f70eaf01e8141c093f75b92124249fd3025e29e07cef89bc)
1776460572	11fe0a0	4860935.000	24841401.503	3247	35825931	OK	_tmp variants only, no scratch
1776460689	11fe0a0	344747.163	1761732.157	3247	35824909	FAIL	debug test | CLASSICAL MISMATCH shot 579: got (0xc2f39f5faa5d7b64e59501e89c36169e49021dbeb61321f86ec912eec45a43f6,0x8d92ba9b6ed9aba1769d9db577cd408425b9f9858b53a7d10f5c996940cf8771) exp (0xa3a8619f67301a5af59364a7f46604a49359314927552371529aaaff082f1ada,0xa981eed8828baf53f70eaf01e8141c093f75b92124249fd3025e29e07cef89bc)
1776460710	11fe0a0	344747.163	1761732.157	3247	35824909	FAIL	debug run | CLASSICAL MISMATCH shot 579: got (0xc2f39f5faa5d7b64e59501e89c36169e49021dbeb61321f86ec912eec45a43f6,0x8d92ba9b6ed9aba1769d9db577cd408425b9f9858b53a7d10f5c996940cf8771) exp (0xa3a8619f67301a5af59364a7f46604a49359314927552371529aaaff082f1ada,0xa981eed8828baf53f70eaf01e8141c093f75b92124249fd3025e29e07cef89bc)
1776460912	11fe0a0	1447938.085	7399341.683	3247	35825163	FAIL	v_w-only scratch (hi fresh) | CLASSICAL MISMATCH shot 2663: got (0x70b847de4bbfe52dc9cf6d68d24509bdaaeabb7fbf5865540888a07e4fdd968b,0x615b37c222ca3330742fb57e2fc4f1d4cbd140f7ef96df60a416660a16a911b6) exp (0x1492bb62deecb4c0eaca19e4d374bf9f8947ae2f9b52122e1c2240b29e1ef278,0xb8f03689d5b28abab4baebb291e31e4d5b6204638a81b213d5edf2ea2126fcf9)
1776461060	11fe0a0	4860935.000	24840890.905	3247	35825419	OK	both fresh debug
1776461122	11fe0a0	655019.610	3347384.333	3247	35825675	FAIL	free+realloc v_w test | CLASSICAL MISMATCH shot 1199: got (0x9dae960d86468790333a1705968a2c0a807838af9dbc9e1a40fe9957f977ea4d,0xe1fb29b8cd86ab5002ba47ffcec72636c0185efd4223e1d4e9b7c5095c19e90e) exp (0x8699234531807491132070e964979485cc40daf5e39e559efb179725718f7111,0x44299ef81f12eb1cc8fc8faa94ba0e16b912cd17a1b62e18068e44473bdd7b69)
1776461558	11fe0a0	4860935.000	24841401.503	3247	35825931	OK	verify baseline after session
1776462819	11fe0a0	4860935.000	24841401.503	3247	35825931	OK	pre-rewrite baseline check
1776463728	11fe0a0	38382.291	198270.338	4000	39767155	FAIL	one-level karatsuba q*q product core | CLASSICAL MISMATCH shot 1: got (0x303e071ff0081e2a292ee099ba1e986c0ccd628f3c00d91e357391e38023645d,0x9dbfdc478791e82877a6d3c2d19a3e8741def22f96d7cef35ea8ca8ff09c72af) exp (0x303e071ff0081e2a292ee099ba1e986c0ccd628f3c00d91e357391e38023645d,0x9dbfdc478791e82877a6d3c6d19a4dcb41def22f96d7cef35ea8ca8ff09c72af)
1776465713	11fe0a0	34329.511	174559.448	3578	35559403	FAIL	direct hi*c fold for zero-acc schoolbook reducer | CLASSICAL MISMATCH shot 0: got (0xfdec424f95aa1cd6b23d629bfcb54ddf3001c60dfa80d05d1bd13e41f8bbeb4d,0x77677cb242b79a60b12045f173f5cd8661470883ebc55255a5ddea3b12568686) exp (0xfdf8f547c25f229c026664fc83c12163e8263c593ab9bd9362f4aa01cc1956b4,0x4ba79be3c6913176d13ad873ca85925691d80ba5c25b02b2b91feee369ee7535)
1776466295	11fe0a0	1482412.801	7575280.759	2965	35824399	FAIL	reuse Kaliski u/v_w as schoolbook tmp_ext scratch | CLASSICAL MISMATCH shot 2742: got (0x58549deb8c0c02ed5ec8e569cb1ee99dcd8fb3a6dc97be72921ef1c016776158,0x132706070770a9c87bcf8821d09483d42acc0f14f66fbb970d3ba755c2b0b154) exp (0x8eabf299e4e3486a3c1bdb8d8aca1adff4816907a433036fedab92850d297d9b,0x71d619d33d14ae5fea5d8b1c020085f9b73018555cae87ce57fc6c8f3dd8c5ac)
1776466526	11fe0a0	4860935.000	24840320.483	3195	35824855	OK	reuse Kaliski zero tail as schoolbook tmp_ext scratch
1776467084	11fe0a0	36728.191	188722.139	2965	37856488	FAIL	seeded Kaliski quotient replaces inv*numerator multiplies | CLASSICAL MISMATCH shot 0: got (0x617eca562edfb0530d7beb74674a7bd5db385a01a3e29a483ebe3a4e72e969c6,0x53f06e83bd3e1eaff02eaa16d2f8a48ef2ec034dc00bfd2bc257e7f63da85ef9) exp (0x641d203f1fde7529a86deee8a437e61beedc6634389b1ca15135599a8976e2f4,0xbef68d336b7485f6cf082a1f1b3ed97bd05fe979366c5a4b898c43926d761b6f)
1776467368	11fe0a0	4860935.000	24839828.366	3195	35824343	OK	move pair2 Ry+Qy multiply under Kaliski scratch
1776467687	11fe0a0	2068482.979	10570032.778	3195	35824087	FAIL	reuse ty as lam^2 square tmp under pair2 scratch | CLASSICAL MISMATCH shot 3824: got (0x999b6d396ab60018edd9e4761c3db2bd9d9ef89e42de5b50afb840a51265fc47,0x94547a68ebbf3d97a81ab0e3c40e4723cec9748005283382ea058d1ba039a5b3) exp (0x8487b33a6a065fef11774e05f816efdbcb0ee724f8fd2c6ca861f6bf6d040838,0xf71e340847e55e6ce6c7de271f6f8dd8ff997c115db54f67bac045b46606ca5f)
1776468045	11fe0a0	4860935.000	24839828.366	3195	35824343	OK	restore pair2 scratch baseline after ty square revert
1776468091	11fe0a0	4856738.000	24817384.182	3196	35793709	OK	K2=397 boundary probe
1776468121	11fe0a0	1342188.872	6858165.918	3197	35762987	FAIL	K2=396 boundary probe | CLASSICAL MISMATCH shot 2443: got (0xe2c335fcbb9754a2e24ab798bad73620953c91056d33f09cd7c85316bd5be0d,0xaf7ddc4a39baefd8f0c926afa95ce93616e87644abef9b6b6aec4a9cfb5ce4e6) exp (0x5f18b89c4916f0a0bebcb8bb51d8f220d84b4fa5cd7c42a75cc407be9058ea48,0xf45f783807bea1924466ddde520ae110aedbb417a1c6cd96b58cc620444926b)
1776468167	11fe0a0	4852541.000	24794942.592	3196	35763075	OK	K1=397 K2=397 boundary probe
1776468679	11fe0a0	4860935.000	24839828.366	3195	35824343	OK	commit zero-tail scratch reuse (3247->3195 qubits)
1776470977	ffbcdcb	4860935.000	24839828.366	3195	35824343	OK	mem cleared: baseline verification
1776471294	ffbcdcb	4852541.000	24794942.592	3196	35763075	OK	K1=K2=397 commit attempt
1776471405	4ac9dd7	34227.099	174049.412	3196	35469171	FAIL	R_SMALL_THRESHOLD=350 probe | CLASSICAL MISMATCH shot 5: got (0x2a7b7e70280dadb0b7ba93e0a42cc3424487abf63a8c7c2f1862c94a7914225,0xa3aea99613e0f8e09f2b6bb2b4ed91bede09161500e67d58879802fa4e605706) exp (0xb4878b5773714679d034da5cd865f3eed7246cfa78537bf6dc1fedcb2593f186,0x3a699d8c94cfa83d005c6bf4ae07003fe1f287f189c53241d14f99bede0e0d82)
1776471440	4ac9dd7	3609036.915	18420655.022	3196	35695251	FAIL	R_SMALL_THRESHOLD=330 probe | CLASSICAL MISMATCH shot 6688: got (0x7f0dea05967aeab9aeddddb60377ef1e22e2888df3a48a95dbf3410b924fc0cb,0xaaf50475d38da53dad9fe174d55bc23b122e833f996265b6244b75c8a2313a91) exp (0x9275c751dd5612480d4b96ca0d3fc97b28c1e7339efa63f06fbdde17ae027e8d,0xf4977cefb7788ee815800125fa4e569d094c0507ef4084ae9ef6dcb41f92c712)
1776472208	4ac9dd7	4852541.000	24794942.592	3196	35763075	OK	iteration 1 end: K=397 only commit
1776472520	4ac9dd7	3049591.943	15579456.184	3201	35608585	FAIL	K2=392 probe | CLASSICAL MISMATCH shot 5672: got (0x30e06d9e625588ed539c9376e951f7a31e06e911c1050ebaf702597bfc33331e,0xb7e77bf3cfe80523f6a9065525ac3f895ca3de9819b4ec702b3c50c56f25ccfe) exp (0x1c171b49fed523531349ec95772f7cd3e5da0b5cf24da2178924b470b6856972,0x6cb6ef9640e1c3424b600cf4b80a0d01f3a4c46f994811e9291b787d79583858)
1776473648	4ac9dd7	4852541.000	24794942.592	3196	35763075	OK	divstep scaffold added (dead code), kaliski unchanged
1776473945	4ac9dd7	4852541.000	24794942.592	3196	35763075	OK	iter 3: scaffold with partial steps 1-6 + 8
1776474271	4ac9dd7	4852541.000	24794942.592	3196	35763075	OK	iter 4: divstep scaffold with full steps 1-9 (g0_save uncompute still wrong)
1776476910	4ac9dd7	4852541.000	24794942.592	3196	35763075	OK	baseline before bold restructure
1776477110	4ac9dd7	3850843.511	19955371.160	3196	33931139	FAIL	skip STEP 0 OR chain for iter<128 probe | PHASE GARBAGE: global_phase = 0x0000000000004000 across 64 live shots (must be 0)
1776477282	4ac9dd7	4851517.000	24792400.187	3196	35748763	OK	STEP0_SKIP=1 probe
1776477326	4ac9dd7	3293187.837	16944709.708	3196	34847107	FAIL	STEP0_SKIP=64 probe | CLASSICAL MISMATCH shot 6201: got (0x54153e905a5f5fcb3530b6b83f3115d28e9a3a645f6d69ed582ba7b6ba99f8b9,0xead9ed708f0fa0c601320038f8794d49f3d1acbd7ba020c2c40462fb6d60dae8) exp (0x8d7e8bcc9115c4631adf008c2ca51b83b819bff16edca2d4c5ec5902730abcee,0xfb58aac57c761119731c3333fe50a422d22a15f4771abd8dd4e5173d85cc2ba7)
1776477352	4ac9dd7	615290.170	3154843.922	3196	35305091	FAIL	STEP0_SKIP=32 probe | PHASE GARBAGE: global_phase = 0x0000080000000000 across 64 live shots (must be 0)
1776477386	4ac9dd7	2473710.128	12650789.128	3196	35648579	FAIL	STEP0_SKIP=8 probe | PHASE GARBAGE: global_phase = 0x4000000000000000 across 64 live shots (must be 0)
1776477417	4ac9dd7	1685632.319	8614910.278	3196	35734451	FAIL	STEP0_SKIP=2 probe | CLASSICAL MISMATCH shot 3125: got (0xa0d0d94ba08938b93736630410b4aa8f964581d487951dfbcf11dcbad55312d0,0x581d8b67386644839cdf27c60db79eb4518e5ce94071a0f224493ba60ab31795) exp (0x5241ab5a85224543496e2f709ac50a681f6c5462cc891c634cd62e7cdd3c43ff,0xb0b4e4fb73ad175a7b067e252e1bea46c2738d677d8e42772790d3d5a58c7483)
1776477564	4ac9dd7	4851517.000	24792400.187	3196	35748763	OK	STEP0_SKIP=1 iter 0 skip
